Place,Mon_0,Mon_1,Mon_2,Mon_3,Mon_4,Mon_5,Mon_6,Mon_7,Mon_8,Mon_9,Mon_10,Mon_11,Mon_12,Mon_13,Mon_14,Mon_15,Mon_16,Mon_17,Mon_18,Mon_19,Mon_20,Mon_21,Mon_22,Mon_23,Tue_0,Tue_1,Tue_2,Tue_3,Tue_4,Tue_5,Tue_6,Tue_7,Tue_8,Tue_9,Tue_10,Tue_11,Tue_12,Tue_13,Tue_14,Tue_15,Tue_16,Tue_17,Tue_18,Tue_19,Tue_20,Tue_21,Tue_22,Tue_23,Wed_0,Wed_1,Wed_2,Wed_3,Wed_4,Wed_5,Wed_6,Wed_7,Wed_8,Wed_9,Wed_10,Wed_11,Wed_12,Wed_13,Wed_14,Wed_15,Wed_16,Wed_17,Wed_18,Wed_19,Wed_20,Wed_21,Wed_22,Wed_23,Thu_0,Thu_1,Thu_2,Thu_3,Thu_4,Thu_5,Thu_6,Thu_7,Thu_8,Thu_9,Thu_10,Thu_11,Thu_12,Thu_13,Thu_14,Thu_15,Thu_16,Thu_17,Thu_18,Thu_19,Thu_20,Thu_21,Thu_22,Thu_23,Fri_0,Fri_1,Fri_2,Fri_3,Fri_4,Fri_5,Fri_6,Fri_7,Fri_8,Fri_9,Fri_10,Fri_11,Fri_12,Fri_13,Fri_14,Fri_15,Fri_16,Fri_17,Fri_18,Fri_19,Fri_20,Fri_21,Fri_22,Fri_23,Sat_0,Sat_1,Sat_2,Sat_3,Sat_4,Sat_5,Sat_6,Sat_7,Sat_8,Sat_9,Sat_10,Sat_11,Sat_12,Sat_13,Sat_14,Sat_15,Sat_16,Sat_17,Sat_18,Sat_19,Sat_20,Sat_21,Sat_22,Sat_23,Sun_0,Sun_1,Sun_2,Sun_3,Sun_4,Sun_5,Sun_6,Sun_7,Sun_8,Sun_9,Sun_10,Sun_11,Sun_12,Sun_13,Sun_14,Sun_15,Sun_16,Sun_17,Sun_18,Sun_19,Sun_20,Sun_21,Sun_22,Sun_23
Hostel_1,107.39,114.21,120.17,119.19,124.65,93.04,130.37,62.39,62.11,53.4,60.17,53.2,63.86,67.9,53.85,57.72,65.04,65.47,127.42,135.92,118.88,137.91,130.26,118.54,105.47,103.8,91.93,106.24,133.42,109.91,127.41,60.64,55.52,52.36,64.74,62.4,50.22,57.52,59.77,63.32,69.81,62.75,153.41,131.97,116.65,104.51,125.6,151.72,88.73,114.53,95.85,126.11,106.86,102.68,97.46,54.27,65.45,63.19,59.45,55.08,59.11,62.17,71.17,63.6,62.75,56.5,151.4,152.08,140.6,139.49,143.96,112.82,117.9,116.28,82.21,89.08,99.14,99.28,98.22,61.14,55.76,65.09,69.27,58.81,66.09,53.8,61.05,48.73,61.03,59.09,141.42,128.88,160.16,113.21,117.6,132.45,91.75,107.68,110.41,124.36,101.02,112.01,113.2,59.89,60.85,54.58,51.97,61.25,53.3,55.77,62.71,67.14,55.15,58.01,152.4,114.34,155.59,132.12,137.52,141.63,116.55,112.63,127.73,91.94,105.03,121.02,108.25,84.87,88.67,76.17,79.37,97.18,84.2,80.85,74.96,84.74,92.83,92.21,126.67,151.95,129.1,148.07,130.35,153.02,111.15,102.21,100.27,127.92,118.99,126.88,118.89,96.26,88.01,77.17,74.6,79.45,71.55,68.24,79.11,88.65,77.27,84.83,97.57,130.81,151.34,130.27,150.03,131.97
Hostel_2,199.84,153.47,201.87,192.19,178.78,184.29,196.05,86.06,106.49,113.61,100.28,102.93,107.43,95.06,93.47,104.35,100.9,92.66,264.18,235.17,252.53,261.85,305.85,270.35,180.05,169.87,210.57,167.02,163.62,214.72,204.53,100.55,107.13,96.69,90.62,104.18,93.5,95.83,90.01,123.05,106.31,108.62,199.34,249.31,206.87,216.63,264.94,203.84,192.86,174.73,131.88,189.77,183.89,170.51,185.22,88.91,98.22,105.87,120.32,97.85,101.9,95.9,101.02,115.76,96.65,92.47,235.02,213.8,226.72,235.91,230.85,239.84,182.34,205.93,196.52,198.0,215.92,180.99,207.91,101.74,105.27,99.02,95.14,92.57,94.74,105.51,115.24,103.02,92.46,95.16,242.87,202.07,207.38,247.12,236.24,260.2,199.78,167.42,212.82,200.25,207.05,199.12,184.76,109.4,99.62,103.51,92.11,95.23,90.95,109.78,96.78,97.66,105.1,87.73,250.5,238.19,229.79,237.09,197.04,219.08,171.2,194.3,194.17,152.82,204.1,185.23,165.27,163.38,146.51,118.45,106.85,146.4,146.99,129.19,139.57,143.1,150.47,138.52,226.34,186.55,268.1,198.72,215.19,229.36,147.34,163.03,203.74,212.24,206.19,211.92,189.72,162.11,148.07,136.28,144.86,129.83,146.63,141.56,129.18,112.51,138.96,143.27,193.0,236.16,213.98,261.4,189.03,261.71
Hostel_3,169.6,181.42,177.16,196.52,137.46,187.74,167.42,96.64,89.88,92.12,83.88,94.02,95.54,85.37,87.96,90.76,94.8,73.5,196.21,213.15,212.27,192.21,200.82,199.86,184.8,156.72,162.65,156.61,163.02,178.17,165.34,89.04,74.66,90.44,99.27,95.56,82.44,102.25,86.43,91.41,88.77,79.31,242.31,193.4,186.62,218.46,198.57,208.47,175.37,158.78,181.4,213.97,197.44,167.06,148.12,74.51,83.75,95.09,100.81,91.04,112.23,87.08,87.88,96.2,107.39,83.23,214.71,191.12,223.35,223.6,239.55,211.48,154.37,133.74,135.42,146.42,147.87,158.39,158.92,73.52,101.76,90.88,96.24,87.56,92.32,85.25,96.64,101.58,84.27,78.04,199.62,219.32,219.07,219.03,225.17,184.18,180.74,161.24,200.9,177.05,159.85,187.93,158.02,90.48,90.69,80.88,77.11,93.64,111.47,97.55,93.7,107.72,91.56,92.18,236.34,237.46,233.15,220.29,196.29,190.35,153.26,187.19,169.1,139.03,165.76,186.63,177.4,125.96,128.35,144.71,159.72,126.14,122.16,109.74,140.81,127.26,131.64,139.16,225.56,267.01,180.37,250.21,215.68,234.26,163.25,176.67,198.21,203.86,165.79,188.53,168.63,134.16,122.02,144.09,146.56,135.1,106.59,133.98,127.67,160.16,129.52,123.78,191.66,213.79,200.83,184.19,167.14,236.84
Hostel_4,197.59,191.95,212.37,212.21,189.05,209.17,180.55,108.11,101.67,115.45,105.79,113.08,109.17,86.16,97.73,97.38,106.6,103.22,198.6,219.75,269.32,271.22,231.83,257.86,193.01,205.2,192.71,168.41,206.11,200.27,224.62,107.01,107.51,108.21,99.74,91.66,117.06,93.82,128.13,109.09,93.54,106.97,249.42,255.74,251.23,237.02,242.83,258.59,164.28,205.64,170.01,146.65,236.09,198.42,201.96,96.78,99.63,95.3,126.02,99.73,99.08,107.27,94.9,96.01,112.48,93.28,222.06,242.76,242.31,246.82,203.0,261.11,212.92,184.0,185.91,152.72,202.5,165.78,196.12,87.65,100.6,109.44,97.66,108.25,108.45,92.41,104.96,95.57,98.02,116.11,227.95,219.57,229.58,270.01,284.19,238.54,192.66,193.04,206.03,173.64,201.96,180.26,190.12,93.36,104.0,98.6,113.34,96.7,109.37,106.97,96.98,106.24,130.84,101.32,191.6,261.2,260.39,292.38,250.07,221.78,204.09,185.78,164.83,185.22,200.48,190.31,236.65,133.26,142.51,167.34,144.3,152.21,134.26,153.41,124.15,153.5,138.66,137.57,249.07,233.99,198.53,240.43,219.93,297.7,204.44,232.31,193.13,172.45,194.23,192.87,178.56,163.3,151.24,128.41,157.88,139.18,129.02,158.62,121.04,126.74,169.14,160.15,235.61,250.31,264.96,274.86,252.11,221.34
Hostel_5,149.49,169.89,176.54,181.39,175.21,130.39,151.37,99.42,92.07,78.43,101.21,102.11,82.41,94.14,82.17,82.83,80.22,95.36,197.14,222.42,213.16,195.12,220.15,205.75,152.92,145.94,153.21,153.35,177.88,130.79,193.04,86.11,89.56,77.01,80.93,76.39,86.55,88.0,88.04,82.57,90.66,74.56,170.72,165.42,216.66,183.97,198.05,196.31,149.53,176.07,139.94,151.15,159.23,161.78,140.77,91.61,74.27,95.7,91.73,80.24,86.08,71.72,88.35,90.15,94.43,70.88,229.08,187.33,197.55,201.54,199.13,186.3,144.19,175.37,178.9,167.76,153.41,149.6,169.88,79.8,88.44,82.79,96.89,83.58,83.73,93.29,89.86,90.52,98.92,100.95,186.25,177.9,203.02,228.48,180.66,176.08,178.86,168.03,140.76,141.51,171.75,166.51,167.42,95.12,91.78,99.01,98.55,85.83,74.65,87.32,89.76,91.38,85.95,87.19,197.67,235.32,213.21,180.57,196.93,231.85,180.49,140.46,177.7,173.23,176.09,164.33,196.28,134.55,151.09,125.2,129.19,138.12,121.01,130.31,135.07,131.78,134.56,112.33,207.24,197.88,188.28,214.64,199.92,210.1,167.11,164.74,160.71,156.59,181.95,133.32,193.75,138.42,141.95,108.32,98.8,131.64,128.03,133.66,108.06,124.87,140.69,109.84,182.82,208.17,189.05,233.26,198.81,233.99
Hostel_6,135.95,122.35,126.79,124.57,141.93,142.12,134.2,75.15,70.13,70.02,68.68,69.66,71.12,74.66,73.57,72.35,62.43,64.33,191.38,157.35,155.64,156.72,153.07,166.45,143.42,145.01,135.15,128.8,145.18,129.43,107.25,65.73,84.3,74.99,69.51,71.78,81.21,71.04,88.06,68.77,64.42,63.17,176.52,140.79,155.26,161.17,178.72,173.78,130.57,116.05,135.55,90.32,132.67,123.04,134.51,75.98,68.41,60.53,56.82,75.28,62.92,83.27,68.74,69.11,65.28,71.37,167.83,156.58,178.69,156.11,165.35,154.1,141.37,134.54,141.73,132.24,147.72,122.09,126.74,61.47,71.32,58.67,73.26,71.38,73.24,72.55,66.08,73.21,64.11,70.94,138.79,166.15,190.22,140.06,154.55,163.09,127.78,118.99,139.44,127.75,127.66,141.68,118.95,69.37,74.96,69.68,74.79,72.66,63.29,63.84,79.04,74.28,65.1,62.67,166.55,181.5,125.41,179.59,154.07,136.02,144.44,121.62,156.32,137.82,122.08,105.56,128.13,111.88,96.76,86.8,112.09,111.97,109.88,89.74,87.4,93.78,89.92,104.18,179.05,158.41,185.98,167.32,119.59,150.48,148.11,132.11,124.68,110.86,130.06,128.68,134.72,92.9,113.93,99.48,100.43,84.31,103.44,101.0,99.58,95.86,73.71,93.05,171.73,119.51,164.19,163.38,146.95,149.08
Hostel_7,82.86,119.04,107.79,93.2,95.7,105.03,119.68,68.7,48.5,58.75,55.22,54.27,57.75,53.33,56.06,48.35,52.25,66.82,122.29,142.64,157.08,149.81,131.75,126.97,110.53,101.29,111.94,98.21,101.87,111.7,87.86,49.46,67.6,51.51,62.93,61.24,63.11,59.19,56.2,46.65,53.55,49.06,138.16,161.88,125.36,139.33,132.04,149.79,93.23,110.99,96.73,113.81,110.99,105.8,123.49,65.67,55.72,65.33,61.45,55.35,59.84,54.74,59.04,56.17,52.44,58.29,136.32,133.78,121.73,114.11,138.24,119.34,117.43,112.04,120.37,102.46,91.09,106.57,112.65,56.64,69.02,52.39,51.21,65.73,60.68,58.94,66.57,60.21,56.98,60.36,130.47,139.58,137.64,124.84,148.38,164.03,105.1,120.91,100.41,97.16,106.31,102.28,110.75,56.41,57.22,60.42,59.09,63.04,67.29,64.6,56.38,59.68,62.85,64.32,106.37,132.08,148.55,152.26,152.91,147.54,108.64,96.07,109.94,116.42,109.71,88.13,108.21,68.69,97.44,92.71,85.14,81.36,80.81,84.14,90.3,81.29,67.21,77.23,100.26,108.9,135.75,135.94,131.99,132.95,98.04,103.37,91.63,91.84,108.84,109.63,105.88,87.75,90.33,56.97,95.19,83.11,81.95,84.25,71.01,79.46,70.12,80.1,117.53,136.53,142.18,153.61,135.55,136.23
Hostel_8,179.8,174.91,169.62,193.25,154.76,149.43,142.89,91.05,88.75,78.71,101.21,87.89,78.94,92.5,82.9,86.23,100.84,96.13,239.29,223.56,240.69,191.47,198.99,190.05,141.45,189.25,185.7,198.29,172.0,180.56,190.62,83.21,79.06,84.85,100.07,91.72,98.39,105.29,76.15,86.96,100.62,110.16,232.01,240.16,180.01,183.2,180.19,209.64,158.78,162.1,162.87,183.66,163.53,154.08,147.3,108.82,88.0,97.42,96.03,92.72,78.77,86.42,98.28,88.01,89.61,80.32,237.1,231.96,193.69,256.69,221.55,185.27,128.54,200.29,188.33,179.68,168.79,208.08,168.63,86.37,106.21,96.07,98.16,94.03,115.61,94.94,104.34,77.52,87.0,100.64,205.81,200.75,180.23,219.46,190.13,183.7,146.15,162.72,142.72,162.34,211.3,147.38,186.08,95.88,79.02,77.72,88.98,75.29,92.08,88.09,91.48,102.66,90.28,114.04,222.38,196.08,236.57,184.37,193.8,183.4,128.49,173.0,162.6,171.23,173.91,181.74,168.38,118.3,111.9,117.52,150.18,133.67,116.29,145.37,128.88,143.38,134.59,135.14,186.63,214.71,204.87,222.2,212.24,219.67,182.7,128.75,139.75,167.2,177.1,165.15,168.71,115.63,130.3,140.65,114.61,130.88,124.91,136.82,122.39,138.84,127.83,127.7,236.5,209.68,225.96,199.18,224.69,211.28
Hostel_9,132.82,107.08,130.74,121.06,134.27,128.05,128.81,59.56,71.37,57.5,67.82,71.96,69.33,66.97,54.16,45.49,70.35,63.5,156.42,145.83,148.6,145.92,116.67,143.78,118.52,123.58,105.83,118.02,117.72,134.17,122.29,61.79,63.07,57.5,66.34,62.93,61.56,62.06,71.49,61.13,78.84,66.44,149.49,161.94,146.64,151.09,149.92,114.24,105.36,114.85,115.02,123.96,80.43,105.95,119.57,63.52,76.61,61.5,65.77,56.04,65.27,62.71,57.84,75.15,55.96,69.04,135.88,128.37,154.79,148.06,147.66,148.49,130.82,114.4,110.86,126.16,101.37,113.26,122.07,64.15,57.61,62.94,67.01,63.66,59.81,66.29,59.75,68.26,68.48,72.64,164.55,133.81,149.01,154.61,137.85,150.89,100.53,126.83,122.71,99.38,111.5,125.03,115.58,73.33,62.0,57.38,63.35,61.28,69.97,65.83,67.47,71.5,67.37,63.41,107.0,130.99,156.57,149.84,166.54,136.78,131.81,105.29,99.33,126.54,121.52,112.98,133.52,88.04,101.39,104.9,91.89,89.61,100.71,97.66,87.29,108.96,106.35,93.34,145.04,145.88,129.89,151.06,143.8,157.93,125.09,111.9,116.27,106.82,117.08,125.99,128.95,89.64,87.4,82.11,85.84,104.19,91.81,90.59,103.64,89.48,83.79,102.95,135.14,161.04,127.84,151.26,125.27,129.45
Hostel_10,123.66,130.46,114.22,125.73,126.42,120.04,137.37,74.61,64.62,66.26,67.56,69.93,67.86,72.9,54.44,61.49,74.25,70.68,177.66,143.84,150.0,153.47,165.28,143.48,134.29,129.8,129.47,121.98,105.37,122.03,130.12,70.21,74.18,61.2,60.28,72.03,65.38,72.4,77.31,68.8,77.18,68.02,125.43,165.88,129.03,168.22,154.14,153.97,133.06,137.2,115.87,118.82,133.37,105.28,130.05,70.82,67.54,67.77,74.37,70.1,57.79,55.77,73.29,61.6,60.63,72.69,160.78,155.51,169.58,150.12,143.24,143.34,127.38,132.7,130.72,127.67,129.51,92.53,131.86,66.54,61.1,64.78,50.88,56.79,75.54,79.17,66.34,77.04,78.09,72.71,139.98,152.01,153.87,142.74,161.86,153.12,121.82,145.38,127.51,160.34,126.81,107.83,132.51,68.92,73.32,56.0,59.17,64.45,77.78,74.68,61.55,70.7,71.26,58.45,160.07,154.61,154.94,148.41,156.71,167.38,122.44,132.19,128.08,139.55,122.03,138.36,132.64,99.37,95.85,90.52,82.39,92.99,97.6,91.73,83.89,105.98,78.46,90.58,139.4,149.38,167.58,144.78,139.63,156.32,133.87,118.69,145.44,143.75,120.75,112.71,146.51,100.1,92.65,75.96,91.75,98.51,101.62,95.76,104.28,103.9,106.95,108.35,150.71,160.38,166.15,163.87,159.12,182.34
Hostel_11,106.33,108.45,116.56,113.29,104.02,107.19,123.02,61.18,57.76,59.88,66.6,52.87,61.76,70.29,75.69,58.81,61.62,51.11,139.55,134.9,125.36,138.38,140.9,145.77,90.29,113.42,120.03,105.16,126.93,113.19,131.03,56.46,65.74,75.13,66.39,62.68,56.33,56.11,58.87,58.04,61.93,58.88,156.15,136.4,134.73,143.57,128.63,154.31,91.18,102.0,106.16,133.2,102.4,117.78,124.58,50.67,69.88,68.11,52.09,61.74,61.05,68.72,56.9,58.55,49.28,64.27,121.22,157.52,141.37,157.14,138.11,123.41,110.9,117.17,119.43,104.05,105.44,125.17,121.61,63.83,61.59,66.08,57.25,64.44,52.45,67.55,55.24,56.03,68.34,65.04,156.24,116.09,160.96,152.27,142.97,146.59,98.95,118.52,105.12,125.37,132.55,120.46,102.87,65.93,53.28,64.33,63.46,59.7,57.35,56.72,61.92,53.37,55.61,50.83,137.53,124.79,145.23,143.65,113.63,105.88,114.71,125.41,124.83,109.61,111.89,108.7,109.28,85.69,71.84,88.33,75.75,93.64,98.49,87.19,70.42,97.64,84.04,85.74,158.8,137.97,136.37,152.27,129.18,144.62,117.87,122.16,124.0,101.47,117.32,110.57,101.52,90.85,69.99,71.06,89.07,87.85,86.43,94.63,85.22,101.6,96.11,81.73,169.38,124.72,171.94,146.31,121.01,122.19
Hostel_12,110.35,106.7,118.43,124.05,117.3,120.8,108.8,61.01,57.42,53.82,62.19,56.44,70.91,49.56,59.99,48.08,59.65,62.84,132.26,126.39,152.52,155.16,133.81,128.21,129.54,93.37,119.48,123.72,122.55,103.24,106.96,54.65,56.36,53.99,57.97,48.64,53.5,66.65,64.25,61.99,70.93,58.26,144.99,134.88,134.55,135.35,137.85,135.07,98.11,89.46,114.53,119.38,116.67,100.46,106.81,67.35,54.02,70.17,58.51,58.02,51.26,60.13,53.48,51.58,58.57,58.14,136.78,119.2,149.3,128.89,103.02,137.66,90.68,110.35,91.73,109.72,117.41,107.93,95.63,60.85,62.97,55.6,68.11,54.13,54.52,59.58,61.19,56.88,57.19,52.83,155.09,142.63,116.16,117.33,124.69,119.78,141.19,107.85,117.44,100.9,80.59,89.85,103.46,58.15,61.75,56.25,60.61,56.7,50.55,60.47,49.46,57.55,60.52,46.68,129.74,140.27,145.63,153.41,136.89,112.14,94.1,107.46,109.87,103.72,103.28,109.64,112.68,85.75,96.33,84.04,88.99,86.92,81.26,71.75,82.77,65.85,76.42,78.39,154.93,130.69,132.71,130.2,135.68,128.48,111.2,111.19,93.49,117.45,124.82,108.59,95.47,80.8,75.28,78.13,87.66,75.21,84.81,79.36,86.5,85.09,74.95,79.12,139.9,120.57,125.04,110.09,155.75,159.7
Hostel_13,99.17,110.06,105.95,96.9,106.51,122.25,123.64,55.64,67.11,69.31,58.15,57.51,58.34,69.9,64.51,36.94,53.39,53.46,127.4,137.57,123.15,136.61,119.03,124.3,121.33,113.52,131.41,113.14,110.39,122.14,105.5,69.45,73.81,65.37,56.89,60.62,58.35,66.75,59.54,64.47,55.08,56.91,155.59,125.3,126.99,125.53,135.45,133.27,105.31,104.49,122.54,107.0,98.99,122.25,113.29,56.28,55.74,62.97,56.61,63.31,68.35,59.99,57.21,67.78,61.92,63.32,115.49,136.41,156.93,132.93,121.04,132.09,106.78,112.74,104.07,127.43,107.72,115.9,100.48,55.8,64.09,65.18,43.25,62.34,59.95,65.24,47.48,67.51,66.85,55.24,141.74,151.68,130.53,117.27,144.05,167.65,99.13,104.78,113.6,115.6,100.23,139.48,118.21,61.04,62.71,61.62,57.85,52.9,66.17,50.94,58.37,51.69,60.08,61.84,126.82,130.17,152.04,126.02,109.92,102.75,102.74,99.72,117.03,108.88,109.88,113.81,89.81,88.48,78.28,77.21,82.43,76.97,86.81,87.54,85.82,81.7,85.16,73.73,145.05,128.87,134.04,119.44,139.26,132.61,99.59,127.41,108.38,112.95,112.51,120.57,125.15,85.04,83.03,93.02,88.92,81.92,99.75,90.99,67.67,84.32,81.88,86.23,105.84,139.27,124.38,138.9,115.03,152.29
Hostel_14,204.02,203.54,167.62,179.49,193.05,199.69,174.69,109.18,91.76,90.22,106.24,105.02,83.95,106.83,102.62,101.82,105.2,89.79,222.46,214.77,232.7,211.73,220.87,227.18,175.54,158.26,201.3,187.22,200.08,192.93,192.09,106.91,97.79,82.38,113.39,113.22,93.49,104.14,67.68,95.15,90.05,85.54,220.19,247.48,220.36,197.52,188.59,254.05,146.15,197.29,211.03,187.72,186.91,169.86,172.17,94.26,91.47,89.14,104.95,110.61,93.46,90.91,96.97,93.31,95.39,96.18,214.56,213.4,208.8,228.32,188.5,219.96,178.78,179.56,177.36,169.73,188.17,166.44,167.0,102.02,101.91,111.45,113.39,101.29,98.79,92.56,89.81,95.72,95.55,105.8,208.14,252.09,247.6,221.68,241.47,252.87,209.41,168.29,221.41,160.18,177.33,152.56,186.66,86.48,99.95,97.43,79.0,93.91,112.64,98.84,103.4,104.36,70.4,101.14,275.77,204.09,198.18,207.96,224.46,194.55,170.99,178.46,188.67,176.04,174.25,154.12,187.1,155.39,157.99,131.28,126.26,133.78,143.53,129.08,154.92,141.8,142.43,154.52,253.57,244.75,217.7,214.47,278.55,213.05,198.08,209.03,164.95,220.8,178.6,176.55,207.76,138.58,144.01,134.54,134.99,129.94,139.85,138.26,147.6,130.99,137.57,128.45,202.17,219.07,221.63,219.91,236.34,215.74
Dept_1,31.23,31.39,27.42,26.8,32.64,28.55,32.52,59.28,63.87,151.49,183.27,166.34,171.24,146.38,161.95,161.84,158.77,147.26,64.53,62.11,58.9,50.72,58.61,48.82,27.72,29.52,24.97,34.18,29.12,29.02,25.58,58.25,61.92,139.36,178.2,130.69,155.13,122.15,174.55,156.1,152.66,147.86,53.31,58.98,53.45,45.92,61.33,67.14,30.53,26.47,31.94,27.74,31.13,27.85,28.59,50.94,63.12,149.77,141.71,170.87,172.27,134.94,149.32,156.23,151.35,134.99,56.03,72.42,62.35,48.66,46.06,52.54,30.87,34.5,25.24,29.81,35.72,34.98,31.52,58.77,58.5,162.44,151.7,136.31,162.59,168.72,145.42,169.14,160.13,160.94,55.28,66.91,68.35,48.92,41.27,54.54,28.58,30.32,28.09,30.32,29.88,32.38,26.25,57.94,59.01,141.41,155.63,137.15,159.6,145.6,198.45,153.27,153.32,164.1,59.35,73.6,54.45,66.55,52.2,52.49,21.42,19.07,21.29,17.82,20.83,21.4,19.86,17.28,18.72,18.9,20.03,18.6,16.45,19.14,18.64,20.53,17.86,21.06,19.95,20.84,17.77,20.77,19.52,16.96,17.16,20.68,18.32,18.92,18.73,19.52,17.47,20.94,20.51,21.1,19.89,21.89,19.37,21.18,19.96,18.88,16.67,18.23,21.45,16.37,21.28,15.39,19.44,20.5
Dept_2,23.29,19.65,27.2,25.9,25.01,27.33,29.1,48.58,50.85,132.84,140.94,134.25,123.37,124.68,146.07,134.6,135.45,158.22,46.32,57.27,49.61,49.14,49.65,48.13,24.5,23.88,28.31,19.41,24.23,28.53,23.57,47.39,51.14,164.41,144.15,113.46,129.84,122.08,140.79,154.56,127.59,139.86,56.81,54.33,56.74,51.83,46.71,54.0,30.13,24.67,27.02,24.06,24.22,25.22,26.51,46.15,51.58,138.57,124.65,152.24,121.56,139.33,119.31,129.31,115.41,153.03,49.44,54.25,46.71,50.4,42.16,44.08,21.21,30.04,23.67,21.89,24.31,24.71,21.71,45.93,53.13,152.54,145.54,131.42,148.24,112.53,143.53,147.66,129.29,136.29,45.23,51.57,48.46,44.54,53.48,49.2,27.13,24.32,26.11,27.43,25.13,25.56,21.09,45.56,45.39,143.56,134.37,147.01,133.94,124.11,149.0,127.09,143.17,133.01,58.32,42.84,50.05,49.38,48.68,46.07,15.43,16.49,15.41,17.63,17.57,18.09,18.52,16.09,15.28,17.93,14.95,17.67,17.15,16.19,16.21,17.07,17.05,15.64,16.14,15.02,15.3,14.0,20.17,17.83,15.34,13.07,13.21,16.09,15.41,13.79,16.66,15.33,14.03,14.49,14.82,14.21,16.48,16.34,13.23,18.57,16.79,17.28,17.56,17.69,18.12,15.97,17.19,15.24
Dept_3,28.13,30.07,30.32,28.06,31.18,26.91,24.78,56.03,52.0,158.07,158.18,174.64,157.33,148.26,189.9,138.57,168.55,143.2,63.34,67.11,63.2,61.07,55.83,55.97,27.28,33.56,27.1,30.17,38.3,28.08,28.55,61.52,61.25,150.35,155.93,141.43,171.68,134.61,150.83,142.93,157.19,160.52,65.89,62.12,66.69,52.79,54.54,61.43,29.32,30.7,31.06,30.66,30.39,31.87,27.78,63.44,73.04,181.7,158.84,184.71,179.21,156.77,160.71,172.88,150.97,180.45,67.59,48.86,54.45,61.52,64.79,60.95,32.86,34.07,29.75,30.94,31.04,31.59,24.31,56.99,50.08,163.38,159.17,164.52,140.1,159.84,181.66,132.85,154.14,141.68,62.48,68.96,57.6,62.46,59.85,62.8,27.16,29.77,26.5,27.32,29.12,26.86,32.59,50.7,50.35,167.55,189.04,131.51,166.19,155.94,173.1,150.31,149.76,180.63,53.38,53.55,57.99,63.45,61.88,67.91,17.21,17.9,17.16,17.73,19.04,17.46,21.59,18.78,18.92,24.68,20.53,19.35,21.25,19.55,18.21,20.38,23.79,19.96,20.03,19.8,19.35,19.86,22.48,21.46,20.43,19.5,21.56,19.26,17.23,18.2,18.28,22.41,17.37,21.15,18.55,19.75,16.01,18.52,21.88,21.53,22.17,20.12,18.72,23.38,21.41,21.83,20.04,15.28
Dept_4,21.0,22.54,19.88,20.13,21.52,18.84,20.16,40.84,45.22,107.26,108.67,105.08,87.04,102.89,86.66,89.67,105.7,99.35,39.36,39.08,41.97,52.43,41.41,37.1,18.83,23.68,18.95,22.56,19.42,22.25,17.2,36.42,45.4,85.54,97.45,107.42,97.24,90.04,116.32,100.54,113.67,126.46,37.33,36.45,33.78,37.68,34.24,42.94,20.02,19.67,21.07,17.24,20.01,20.89,20.72,34.99,40.89,96.75,103.74,109.92,118.38,101.19,86.55,93.37,115.52,115.62,36.0,38.68,42.14,40.72,32.73,36.03,23.71,16.25,22.76,22.25,15.81,19.47,21.36,41.52,39.7,90.46,119.29,99.96,118.89,117.91,92.24,100.14,111.76,105.57,46.47,40.2,37.4,38.01,39.8,36.71,18.6,19.5,17.85,17.37,21.89,24.46,21.33,40.87,39.08,103.08,72.53,105.32,114.23,96.36,119.93,92.69,102.21,100.72,35.05,36.35,50.66,45.38,43.82,43.3,12.67,11.85,12.33,13.84,12.66,14.87,14.8,11.54,14.12,14.29,10.35,13.98,15.6,14.46,11.32,13.79,15.67,14.76,14.94,12.15,13.53,13.49,14.58,12.71,13.87,12.76,11.37,11.5,13.76,12.57,12.82,13.42,14.01,13.61,12.38,15.48,13.68,13.29,14.09,14.61,13.23,12.34,14.63,12.74,13.41,15.17,10.64,13.2
Dept_5,27.09,21.44,23.43,23.72,24.76,20.77,22.93,41.55,50.33,120.77,108.8,132.46,122.08,127.22,123.3,105.0,116.13,119.1,45.72,49.5,40.74,47.73,44.78,47.59,22.02,24.49,23.73,25.68,25.74,26.19,20.39,50.33,53.98,104.18,108.88,131.44,151.97,130.84,106.2,117.22,134.29,109.79,50.12,45.56,46.14,48.25,46.4,48.94,21.94,23.74,20.7,20.54,25.86,25.16,19.58,51.71,48.82,118.69,115.35,113.85,119.71,143.15,118.04,118.84,119.35,136.56,49.97,44.3,48.29,47.65,47.88,51.51,19.14,22.16,24.9,20.19,23.82,24.24,22.78,53.2,51.55,150.91,111.32,125.4,118.83,132.77,128.73,133.28,123.0,111.13,54.63,46.95,42.71,43.54,46.61,42.58,22.89,25.21,25.79,22.0,25.57,22.04,26.43,44.13,48.77,124.9,139.15,121.08,121.41,105.08,137.52,114.94,116.42,111.01,47.92,51.65,40.92,44.03,47.7,42.48,15.87,15.9,17.24,15.49,17.15,15.59,12.49,15.12,15.34,16.67,14.13,16.71,13.38,15.64,17.14,14.15,15.76,14.22,17.49,17.96,16.14,12.5,15.64,13.89,11.75,15.99,13.12,15.62,15.73,15.12,15.46,14.51,14.73,16.93,16.07,13.0,15.29,16.32,14.27,16.12,15.54,14.56,16.02,13.26,15.96,16.17,15.65,16.91
Dept_6,29.2,27.19,28.47,21.62,21.61,25.19,27.7,49.52,46.97,161.35,145.35,115.51,117.01,126.64,129.61,145.94,150.59,154.45,51.49,45.84,48.82,51.24,60.39,49.99,25.37,20.29,27.84,25.32,25.81,25.72,21.6,47.44,54.66,140.64,147.35,135.08,135.19,145.03,119.49,126.12,153.17,144.98,50.81,48.63,49.52,59.66,52.41,42.82,27.33,25.19,29.53,25.77,27.08,27.28,27.53,45.79,48.11,157.94,143.3,137.65,141.15,137.32,131.53,169.47,139.32,145.91,57.69,53.31,47.69,49.76,58.28,50.83,23.52,21.79,27.42,23.09,28.58,23.51,22.48,50.2,51.54,142.63,148.15,118.89,153.71,133.41,140.5,112.72,127.07,143.46,59.16,51.14,48.71,54.93,46.15,50.29,28.52,26.31,26.7,25.42,28.0,24.81,29.01,45.93,52.23,163.44,142.86,134.57,147.28,140.14,132.05,102.71,146.72,135.44,52.13,58.55,61.02,46.24,44.86,51.41,14.6,15.2,20.63,13.49,16.9,16.06,15.13,13.09,16.94,12.43,16.55,18.26,16.51,21.26,16.26,17.54,15.3,19.61,19.77,16.66,18.56,15.37,18.74,16.19,19.59,17.53,16.98,18.14,17.55,17.29,17.06,16.11,17.65,17.14,18.57,16.17,18.4,12.7,19.95,17.61,16.99,16.44,18.44,17.82,16.06,17.21,16.5,17.13
Dept_7,22.39,22.63,19.99,18.86,21.73,19.0,23.09,44.14,40.51,130.53,130.82,120.53,113.24,126.5,123.74,121.83,95.09,113.12,39.94,41.69,44.1,35.02,39.96,43.07,19.26,19.02,22.91,16.69,15.63,22.2,23.64,32.95,43.65,110.88,106.64,127.57,114.0,93.66,95.1,115.42,104.08,94.5,40.12,38.72,39.89,41.22,36.8,38.52,20.63,20.43,21.56,22.16,20.12,24.94,25.44,37.44,51.77,109.39,132.78,110.11,124.66,113.14,108.41,112.41,108.94,104.84,48.8,40.44,39.39,41.27,36.25,42.8,22.86,26.75,18.17,18.28,16.1,21.71,24.48,41.75,38.71,121.69,106.79,120.56,100.65,125.45,90.71,111.15,101.22,119.03,49.44,33.37,36.76,42.58,49.93,40.02,21.39,19.7,21.23,20.31,16.32,18.91,20.7,40.06,39.38,117.91,125.84,112.58,109.89,106.46,139.18,111.86,111.01,109.23,37.87,35.77,41.86,44.5,41.34,41.11,13.45,16.33,13.69,15.05,16.31,15.86,13.59,16.52,12.69,14.22,13.48,14.71,13.17,15.1,12.02,15.71,14.01,13.69,13.66,12.33,15.58,15.49,17.45,13.07,12.11,11.84,13.71,14.95,12.51,14.7,12.8,16.76,13.57,13.39,11.39,11.79,15.02,11.93,14.63,15.8,13.89,14.12,16.23,14.63,15.59,13.55,12.9,13.16
Dept_8,31.85,26.28,25.27,28.42,30.47,27.31,20.45,53.33,45.4,120.08,116.51,151.24,139.34,131.02,139.86,145.02,126.03,176.02,50.57,55.93,47.26,61.16,51.85,42.65,23.86,29.68,25.32,25.4,27.1,20.53,24.93,50.68,48.03,153.65,132.28,126.72,146.2,146.19,110.11,153.17,146.51,144.17,49.99,53.8,49.0,55.38,49.17,45.14,26.97,27.66,29.69,29.49,25.02,24.53,30.9,49.6,56.46,160.46,122.58,156.79,135.73,127.81,127.3,187.91,143.65,153.21,60.76,49.47,47.41,48.7,53.83,49.44,22.2,25.8,26.87,26.03,25.16,27.64,24.65,48.57,46.22,123.54,135.77,141.44,115.14,152.57,156.61,109.55,133.71,140.28,49.64,52.06,53.01,49.54,59.39,54.7,26.06,25.5,25.1,26.96,24.81,20.36,22.8,41.1,43.87,137.97,137.58,122.73,142.39,140.65,142.6,143.98,164.69,121.28,56.82,48.43,60.27,43.38,46.14,55.44,15.62,18.57,19.49,17.95,18.6,16.94,16.34,19.14,17.05,18.96,14.56,16.05,20.94,16.17,16.58,15.47,19.58,14.81,18.12,16.32,17.5,16.12,18.5,16.03,19.76,16.37,18.63,15.88,16.12,18.09,17.59,17.43,20.13,15.08,17.27,19.26,15.39,16.8,17.68,18.29,16.25,16.89,16.94,19.18,17.44,18.79,15.68,18.72
Dept_9,26.83,30.93,30.01,28.19,27.51,26.26,26.02,59.93,66.11,135.42,129.78,156.09,139.58,144.55,137.72,133.46,171.03,160.66,59.65,59.79,52.58,50.95,70.84,53.84,32.42,24.14,29.19,26.77,32.9,29.41,26.74,50.69,61.32,129.33,153.91,160.23,148.57,156.91,148.35,144.77,137.31,168.57,57.85,59.18,69.12,49.79,74.59,55.3,34.99,29.93,27.48,25.42,28.26,28.64,28.15,59.99,53.46,174.73,169.66,155.76,143.03,165.43,140.0,150.6,154.42,147.27,59.23,47.18,56.23,53.29,58.89,57.62,27.77,26.41,26.95,28.83,25.22,27.62,27.22,57.78,60.39,135.42,136.79,123.09,159.82,157.02,159.2,147.91,134.82,141.53,55.2,51.94,50.93,58.7,62.39,52.77,29.23,25.1,30.93,24.76,24.01,24.07,31.86,55.27,48.25,125.0,170.27,146.07,140.36,149.21,152.12,125.76,165.47,155.86,51.0,60.51,48.8,42.74,49.96,58.66,22.48,18.67,18.08,16.95,18.08,21.55,21.86,16.9,18.33,16.68,16.4,20.85,19.75,19.72,18.86,15.97,20.89,16.86,19.36,13.79,15.88,15.74,14.74,16.83,20.63,18.06,20.73,18.28,18.39,19.07,17.47,18.88,18.71,19.18,18.18,17.85,20.36,16.36,18.7,22.34,16.26,18.65,22.15,20.2,16.79,19.56,16.59,17.18
Dept_10,28.71,24.32,24.43,22.29,20.9,26.64,23.61,49.02,42.79,147.62,150.55,159.43,160.46,167.3,148.79,163.51,157.93,158.64,55.89,60.82,58.67,46.68,54.44,53.36,23.93,34.9,27.97,27.87,28.75,29.16,28.62,49.47,55.49,126.7,156.36,153.85,142.07,146.66,108.18,164.61,148.51,148.69,58.73,50.55,62.27,60.09,53.37,46.43,30.11,24.51,29.61,29.27,27.69,30.78,29.43,59.13,53.2,141.82,149.04,166.29,138.02,139.6,162.57,175.61,187.27,147.82,58.43,53.93,59.94,51.55,52.71,56.47,28.32,26.35,30.54,23.63,24.66,26.79,29.01,48.54,51.76,156.77,158.21,120.43,144.85,154.83,131.7,151.74,131.61,129.52,55.81,65.73,50.03,56.93,64.5,53.32,27.02,26.38,24.37,33.75,22.61,27.55,28.33,64.2,59.54,156.57,159.32,160.0,133.25,160.69,135.81,165.22,144.73,143.59,68.74,60.2,52.36,61.06,58.47,54.81,20.02,15.16,19.1,18.29,17.92,17.07,16.96,17.64,18.31,18.5,19.22,20.47,15.81,17.94,18.07,17.24,20.71,18.91,19.91,20.48,17.66,19.5,17.05,14.66,18.31,18.26,16.28,18.59,15.64,16.36,17.27,20.2,17.41,18.72,19.54,18.73,20.49,18.74,20.68,16.8,15.89,20.98,21.77,19.48,16.8,16.61,17.65,17.51
Dept_11,10.31,17.34,16.33,16.86,13.55,17.66,18.62,33.08,36.51,81.01,80.35,76.41,77.55,85.1,73.39,81.28,99.89,75.33,31.14,33.68,35.64,28.98,38.81,33.3,12.89,16.99,12.81,13.83,16.3,12.2,14.04,34.87,33.77,83.03,86.39,88.08,79.0,89.04,67.08,82.75,77.16,107.82,30.65,36.02,31.67,36.87,34.17,36.37,14.54,20.77,15.14,15.51,16.36,14.19,15.56,33.21,33.02,88.24,89.75,80.82,75.36,89.3,81.63,77.03,90.07,91.73,28.99,33.34,28.44,25.22,31.21,34.71,15.14,16.51,14.89,13.79,16.16,16.9,15.31,25.85,31.14,81.05,84.59,84.61,84.32,78.08,78.65,66.32,82.29,60.2,29.42,30.01,25.3,35.35,32.12,29.78,19.17,13.9,18.56,16.79,16.89,14.64,15.52,27.18,27.24,68.99,89.07,92.16,81.33,97.67,89.88,74.18,74.84,86.9,23.83,30.27,26.72,34.05,36.05,28.67,9.86,9.12,10.34,11.49,9.39,11.41,11.34,10.29,9.33,9.62,9.45,11.2,8.82,11.22,10.07,9.88,10.51,12.08,7.91,11.03,9.61,10.22,10.74,8.92,11.97,10.25,10.08,11.28,11.72,10.74,9.89,10.82,10.97,9.95,10.03,9.4,11.95,9.6,10.23,9.87,8.85,9.62,12.18,11.35,9.56,12.07,8.91,11.61
Dept_12,19.62,25.19,20.03,22.41,20.15,18.15,17.94,42.16,34.02,109.31,97.35,120.05,104.87,103.88,124.8,107.59,110.42,109.61,39.59,38.54,37.94,38.27,41.33,29.36,17.53,20.91,23.93,20.03,19.09,21.89,23.84,38.28,38.61,96.74,101.57,123.23,115.3,101.57,103.06,106.13,102.95,109.64,43.93,42.99,41.54,41.1,34.92,36.39,20.75,22.8,18.11,18.32,20.35,21.04,22.57,51.29,41.43,116.23,119.95,111.28,113.01,103.88,130.77,119.04,122.06,109.08,35.76,52.9,41.64,37.57,41.84,42.64,18.64,19.31,19.91,20.05,18.02,17.91,20.44,45.73,34.81,91.04,93.93,114.73,104.78,120.39,83.8,123.64,97.51,111.88,40.67,43.64,43.73,43.19,45.79,46.15,20.53,18.43,20.92,23.28,16.8,21.04,18.96,39.53,38.71,110.93,113.49,112.83,92.65,124.77,109.69,123.74,139.18,67.32,41.57,41.95,30.45,34.09,43.33,38.63,14.56,16.1,14.42,13.79,12.92,12.84,13.12,13.12,13.79,14.56,11.33,13.81,14.2,14.19,12.58,13.68,13.98,13.97,17.49,16.38,13.0,11.64,12.13,15.16,12.99,14.96,11.49,18.24,11.79,17.01,16.44,13.5,13.52,13.61,13.56,11.92,16.01,13.69,14.68,12.82,12.26,12.5,14.52,13.92,14.28,13.26,13.46,14.5
Dept_13,29.39,32.8,31.76,30.92,26.65,29.41,30.14,52.82,67.1,161.12,180.39,159.39,142.74,139.41,168.68,164.43,175.28,153.46,60.59,52.63,62.24,51.47,59.83,44.57,23.71,28.08,32.46,30.84,33.16,34.79,22.31,62.47,58.38,163.44,160.92,166.62,133.85,167.1,136.54,170.76,127.44,162.27,51.55,53.22,56.55,63.09,58.97,49.74,29.12,29.77,29.62,28.06,31.55,27.23,31.36,57.92,47.6,179.29,147.35,151.17,151.61,162.01,157.83,167.19,166.84,173.79,58.2,58.56,68.64,53.17,56.98,63.87,34.29,26.86,28.11,27.55,29.77,30.74,32.31,63.5,55.94,176.91,143.12,152.52,156.31,171.86,138.37,165.14,150.87,154.99,58.45,60.92,58.21,51.68,53.45,59.98,32.87,31.5,32.01,22.56,24.05,30.39,27.96,48.49,64.27,152.24,165.83,140.86,155.58,146.1,156.23,168.4,163.01,156.32,57.31,48.6,56.88,66.66,59.05,45.01,22.02,20.13,21.55,21.0,21.38,21.99,20.2,20.62,21.51,17.13,16.45,20.02,21.59,19.29,20.92,18.74,16.88,16.5,19.76,19.34,17.8,20.32,16.48,15.14,17.89,20.12,17.82,19.92,20.87,17.09,18.41,18.01,22.05,17.6,17.76,20.34,22.23,17.76,19.97,19.44,19.43,18.09,17.87,19.42,13.74,21.38,18.54,18.88
Dept_14,24.56,22.59,24.73,26.25,23.06,22.66,21.31,41.49,53.19,136.94,136.34,130.77,140.54,136.07,119.4,132.82,137.35,119.22,46.17,40.79,42.73,43.25,43.58,52.21,24.62,25.1,27.38,21.76,26.4,23.08,20.48,46.6,44.07,126.7,151.55,119.11,130.22,129.99,99.18,128.84,124.93,119.04,49.01,38.63,48.9,48.3,49.98,45.25,24.58,18.84,24.73,23.98,23.79,21.73,25.61,53.26,54.27,124.53,125.68,118.41,120.86,130.1,145.29,129.01,136.95,118.67,43.73,51.71,50.03,52.47,52.91,51.99,19.72,22.39,25.01,22.0,21.72,27.38,26.62,52.13,52.66,120.82,116.85,126.88,119.41,127.32,134.27,130.15,123.42,126.02,42.66,49.11,51.36,48.94,46.0,48.27,25.38,24.12,23.59,22.63,26.71,21.14,24.91,56.9,53.3,115.32,121.72,136.72,115.11,144.89,116.92,132.21,133.63,110.33,53.53,42.14,45.44,47.37,51.7,54.41,16.99,14.91,15.14,15.92,16.18,14.51,18.23,14.41,16.96,16.55,15.5,17.08,13.73,17.01,16.91,17.37,15.44,14.26,15.55,18.41,14.25,16.14,17.2,15.4,10.99,14.36,15.59,14.68,16.64,15.68,13.23,15.95,13.13,15.8,14.03,15.83,18.08,16.04,15.24,15.87,14.71,20.11,13.74,17.64,16.91,16.55,11.64,15.18
Dept_15,21.15,24.28,19.76,22.32,21.51,18.13,22.64,39.72,38.84,110.68,109.95,107.27,114.54,108.57,113.36,120.69,115.96,120.47,38.18,43.27,33.35,35.45,35.4,38.92,22.11,22.29,20.32,22.29,20.81,19.56,21.21,42.7,35.66,114.03,116.94,94.93,117.64,95.45,99.53,109.75,116.3,125.17,40.42,45.07,43.09,45.39,40.81,46.32,19.93,19.27,18.82,23.34,22.3,21.05,21.09,36.6,40.93,120.35,92.24,96.94,111.35,98.07,108.28,122.0,106.75,114.44,40.81,49.25,49.48,46.4,41.93,38.53,16.62,21.86,21.85,22.77,16.64,21.87,21.33,43.3,40.51,110.08,106.21,96.28,118.08,106.6,89.11,102.74,94.59,107.54,43.96,37.41,36.67,40.29,40.18,42.76,21.54,20.86,25.94,23.86,21.53,23.88,19.14,37.59,48.24,118.76,116.2,105.1,107.79,118.27,117.89,105.52,112.55,107.85,43.97,46.03,30.43,33.47,39.76,46.63,12.95,12.65,13.59,13.23,12.88,14.7,14.75,14.3,15.07,16.02,11.55,14.18,15.02,13.31,14.53,12.49,15.35,14.96,11.1,13.16,12.37,15.96,12.82,15.16,12.11,12.57,12.63,14.85,14.33,15.12,11.02,14.0,12.14,15.33,12.11,14.13,14.97,13.89,12.36,13.49,10.37,12.32,12.88,13.54,14.85,14.2,12.38,12.23
Dept_16,38.44,31.02,28.25,35.2,38.23,32.96,34.99,69.58,55.32,153.04,188.73,177.41,174.2,177.31,170.39,192.67,171.43,157.31,70.6,61.45,66.62,55.4,53.01,67.53,31.54,30.8,34.49,33.95,27.38,34.34,33.4,70.38,71.16,162.29,145.53,202.07,165.16,178.15,167.34,177.93,188.46,138.54,71.1,77.16,65.89,68.87,66.58,63.69,30.33,37.64,35.51,31.0,27.56,35.95,33.78,69.59,71.31,189.83,181.15,179.15,179.45,201.54,160.78,179.77,170.18,159.41,67.3,57.93,64.17,55.97,62.21,81.5,33.56,34.71,36.36,38.39,31.46,34.29,33.21,64.56,68.49,169.69,177.43,174.58,161.48,177.31,210.66,207.33,189.67,169.27,55.34,60.75,72.64,73.41,62.15,66.18,34.63,32.27,38.41,32.36,35.23,29.78,31.84,63.27,69.19,177.65,162.74,175.13,198.11,156.79,157.96,178.21,168.01,169.75,71.46,67.21,63.78,73.19,65.73,74.58,25.44,22.75,20.35,19.16,24.0,22.57,23.61,25.45,24.42,26.5,21.99,25.72,21.42,19.52,20.82,20.29,21.87,21.26,27.32,24.42,19.07,20.77,22.72,27.81,21.47,18.67,24.84,25.14,24.18,18.74,23.35,22.94,20.86,22.25,23.32,24.23,25.88,20.16,23.18,21.14,24.67,19.39,20.81,22.35,23.17,19.13,25.17,19.75
Dept_17,21.37,18.14,16.68,18.25,18.76,16.52,20.87,36.82,34.92,105.94,114.74,99.62,111.86,96.26,96.81,94.63,103.12,102.93,37.85,35.64,32.53,38.84,52.59,40.14,18.67,22.03,17.86,19.53,21.16,23.76,19.47,37.41,38.81,105.71,83.26,92.92,95.6,111.86,123.98,100.45,94.63,117.42,44.59,36.23,27.57,44.59,48.92,33.71,19.22,19.16,20.55,19.21,20.37,19.32,16.57,39.03,39.65,110.35,104.47,91.39,93.93,86.94,102.57,100.03,100.12,95.51,43.68,41.23,39.53,34.96,34.39,36.76,19.09,19.78,17.81,16.22,20.51,17.61,20.52,47.04,35.21,108.22,89.5,110.15,93.46,116.0,119.95,102.73,92.57,98.51,40.07,39.4,35.46,35.06,47.95,42.06,18.01,21.43,18.75,19.97,20.89,16.81,19.5,45.56,33.78,97.78,106.75,84.44,98.13,95.18,108.49,109.75,111.25,128.14,37.6,37.54,41.85,27.56,43.18,43.24,13.68,14.56,10.48,12.7,14.87,11.02,14.04,12.0,10.16,14.97,12.29,15.38,14.17,13.96,12.57,14.0,11.63,13.05,12.43,12.47,13.04,13.03,11.92,13.35,13.22,12.71,14.08,12.41,12.61,13.38,10.48,12.03,12.56,12.44,12.1,11.75,15.34,10.41,12.31,12.8,13.52,11.69,13.12,13.59,11.79,14.63,12.51,13.62
Dept_18,33.74,30.54,33.47,38.52,40.1,31.0,34.12,79.41,61.37,193.33,191.95,199.72,190.58,190.74,183.96,174.39,164.65,211.69,64.51,75.67,70.05,56.04,56.51,61.68,32.28,32.24,35.9,33.3,33.44,38.1,29.35,68.42,68.03,161.15,161.7,168.92,165.27,151.6,215.55,171.08,192.92,177.57,58.94,67.61,71.92,71.16,58.3,68.26,32.33,29.54,34.24,31.05,38.55,28.27,36.73,55.52,66.02,183.92,190.88,183.2,171.48,176.75,155.69,182.78,184.79,183.43,65.0,66.78,59.08,70.33,64.25,66.02,28.96,28.9,30.32,28.2,32.8,27.9,38.58,56.83,68.42,189.03,153.45,191.1,212.67,157.2,168.32,182.22,205.16,190.01,73.41,59.7,61.79,67.5,66.31,69.72,31.94,33.16,39.5,34.53,32.92,33.0,31.65,68.6,80.94,164.33,179.63,164.32,143.47,173.63,182.8,183.67,170.17,183.31,66.5,78.5,67.55,65.41,64.67,68.45,25.17,21.45,24.9,19.33,23.21,26.15,26.98,25.12,21.41,18.86,23.58,22.71,21.81,24.79,21.55,22.71,20.82,17.98,22.71,23.8,19.44,21.6,25.7,21.17,19.38,24.17,19.93,23.59,23.4,23.63,21.45,20.03,25.38,20.0,21.08,23.29,22.01,24.41,23.46,21.39,23.83,21.94,24.54,21.34,24.41,23.36,14.65,24.24
Dept_19,16.72,16.55,15.0,17.94,19.71,16.66,15.79,33.97,29.43,92.29,87.63,93.69,89.15,90.43,71.49,93.35,77.15,79.91,30.08,29.07,34.18,36.52,39.3,31.62,18.09,15.75,15.82,18.43,14.01,18.74,14.57,34.8,35.24,93.48,81.66,100.11,94.39,98.49,93.31,85.64,86.47,93.29,34.47,35.88,32.43,32.09,32.97,36.94,17.36,18.04,15.07,15.1,17.7,18.18,17.18,39.55,38.58,91.47,96.43,80.29,98.3,97.12,105.14,88.43,93.25,94.26,31.12,34.88,36.06,33.44,34.5,39.59,21.11,15.9,16.73,16.5,19.5,13.91,15.44,32.8,32.4,94.13,98.54,81.39,77.11,95.59,98.93,95.81,117.43,101.63,30.48,35.01,29.83,28.77,37.16,37.63,15.83,16.07,17.52,18.75,18.25,16.81,14.95,32.73,31.47,80.41,89.74,85.35,82.99,93.96,80.56,85.16,88.59,90.3,37.83,34.09,35.57,32.76,30.83,29.75,9.97,12.69,12.48,12.28,12.07,12.89,9.64,12.16,10.51,10.41,12.01,11.99,11.64,13.17,11.95,13.44,10.0,10.11,10.26,12.15,12.26,10.59,10.45,9.36,10.4,10.21,11.27,12.1,14.19,10.52,10.33,13.04,12.45,9.81,12.03,10.98,10.95,10.69,12.51,12.15,10.42,13.41,9.98,12.93,10.33,11.89,11.42,12.04
Dept_20,21.99,24.02,21.47,20.59,19.69,23.65,20.55,37.27,40.71,121.23,113.82,120.72,120.36,105.06,109.68,114.79,107.06,120.91,39.3,42.19,34.28,44.61,42.08,39.72,25.26,18.72,19.53,22.8,23.25,24.21,20.78,49.88,44.45,107.4,121.34,109.66,104.49,97.75,102.42,88.54,102.73,126.49,45.11,47.24,40.75,45.61,42.5,44.14,25.05,17.4,16.83,24.79,22.69,25.14,21.44,37.94,40.7,125.96,105.51,130.08,117.8,110.6,119.79,121.54,131.32,106.68,41.74,43.22,46.43,40.4,31.76,39.32,18.53,24.68,17.64,24.46,17.23,20.96,20.25,43.97,39.68,95.87,108.34,113.11,87.91,123.44,113.69,117.81,131.99,102.2,41.58,32.04,43.65,48.48,33.04,39.78,21.64,21.7,20.85,20.48,21.42,21.45,21.21,42.68,42.72,124.94,119.32,110.92,107.2,100.63,116.24,93.9,119.81,116.67,44.15,50.65,40.04,41.29,46.79,42.21,14.46,13.18,13.23,15.75,13.23,16.53,12.28,15.73,14.85,15.32,16.29,14.45,14.49,15.17,15.1,13.88,11.13,16.53,14.83,15.01,13.64,13.12,13.2,12.9,11.41,15.03,14.58,16.99,13.33,16.47,13.63,13.71,14.81,13.13,14.0,12.58,12.7,12.99,13.94,16.12,12.09,14.66,13.83,12.31,14.8,14.91,13.74,14.98
Dept_21,37.37,30.29,29.37,36.76,32.62,27.93,34.65,55.39,67.52,211.64,159.31,152.66,211.62,159.93,182.99,199.48,167.12,174.13,63.67,72.79,59.17,66.5,68.02,70.84,28.7,33.64,30.14,31.98,33.4,31.55,30.79,67.56,52.25,169.77,171.83,196.21,182.21,191.87,175.58,172.83,168.91,175.61,65.53,62.58,64.16,67.05,71.72,63.26,36.65,30.89,33.31,34.05,27.21,33.3,34.48,64.92,55.14,230.36,187.1,190.75,174.08,159.97,185.44,167.52,135.79,198.21,77.6,64.16,63.95,61.26,61.94,69.14,30.78,29.87,34.02,32.87,34.25,33.54,31.86,70.76,62.29,163.56,171.24,151.68,184.92,131.35,154.76,179.38,211.88,182.07,60.73,60.83,63.8,64.54,63.34,62.32,30.49,35.79,30.09,27.98,31.49,36.37,34.27,62.63,62.46,160.49,183.28,195.49,178.5,206.3,110.52,176.96,211.79,185.75,58.51,66.42,59.63,63.59,54.45,65.22,23.1,20.45,22.5,16.54,22.48,23.17,20.63,22.1,18.43,23.33,22.7,22.14,24.92,22.02,20.72,24.02,21.69,20.0,18.32,17.6,21.7,24.4,23.21,23.31,18.48,23.73,22.37,20.37,25.26,23.86,19.79,23.04,18.23,18.71,24.28,21.76,22.37,23.87,22.97,22.33,17.61,22.42,18.4,22.29,18.46,22.94,19.74,23.06
Dept_22,40.6,41.47,27.73,38.13,30.11,35.05,31.55,62.21,68.9,146.06,220.61,189.4,183.3,151.78,180.13,188.69,184.16,211.56,58.28,72.33,75.51,73.49,81.59,75.0,38.3,36.71,39.0,38.11,37.11,40.7,43.14,79.22,73.33,200.16,183.3,209.54,169.31,184.72,178.84,177.08,192.97,153.93,69.94,63.14,71.25,74.67,62.58,56.41,35.0,35.24,37.68,36.77,40.08,36.04,35.84,81.32,53.56,175.14,164.86,191.87,181.23,186.55,190.42,202.41,220.07,168.8,70.19,67.59,70.86,72.5,71.17,65.51,38.44,34.91,33.14,41.21,38.4,35.18,35.49,69.25,80.83,192.09,191.13,197.68,171.71,176.47,170.3,194.36,188.27,185.42,74.27,69.19,71.59,70.55,73.2,65.34,38.37,31.23,32.19,30.03,33.08,30.66,32.47,64.97,64.05,213.97,202.43,223.68,214.89,161.38,205.63,213.54,180.81,210.98,56.7,68.04,70.54,63.46,73.61,79.8,24.22,26.36,21.99,23.06,21.46,23.72,24.09,23.84,20.91,22.38,25.54,23.03,18.45,24.49,21.39,20.07,23.78,25.19,20.63,27.45,23.02,21.28,20.82,23.2,26.61,27.15,26.61,22.54,24.51,23.36,29.8,23.49,25.28,25.97,24.78,23.64,24.46,24.1,25.88,21.64,21.53,21.18,23.42,25.86,24.02,21.69,22.16,25.88
Dept_23,16.07,13.12,15.18,13.29,11.71,13.58,13.66,28.05,30.71,82.63,74.41,59.96,81.88,73.68,94.17,70.46,70.44,84.07,27.16,28.12,29.17,28.01,33.04,29.98,16.21,12.73,15.07,15.34,11.7,15.12,13.33,31.06,30.15,77.79,90.37,80.3,80.79,83.85,78.33,76.41,85.68,80.79,24.58,33.28,26.56,34.18,27.97,34.3,13.18,16.11,17.32,19.78,15.32,13.95,13.57,23.03,26.07,86.27,80.94,75.29,85.12,85.44,78.74,79.02,79.69,78.86,26.95,28.73,32.59,32.27,27.35,35.49,14.83,12.95,16.08,15.21,14.26,18.14,17.67,25.35,29.81,79.8,79.23,64.85,91.21,92.4,77.73,86.88,88.06,82.2,30.75,30.69,30.93,37.04,42.0,27.43,16.85,13.92,14.59,14.96,13.2,14.07,15.57,29.76,33.3,78.49,84.12,70.88,78.08,75.36,67.52,91.58,79.25,80.73,27.44,29.48,26.56,28.31,28.44,29.98,11.62,10.37,9.93,10.19,8.49,11.48,11.11,9.07,7.89,8.95,10.53,12.13,10.14,9.17,9.69,10.7,9.98,10.14,10.62,12.01,10.14,8.86,8.4,10.0,10.27,9.84,10.6,9.37,9.22,9.6,10.56,8.39,9.65,8.97,8.42,9.52,9.02,8.96,7.87,9.32,9.78,10.6,10.77,10.97,9.26,8.93,10.0,12.44
Library,47.63,46.96,49.22,47.24,49.5,48.58,44.32,44.8,53.33,135.01,145.37,161.01,124.81,133.82,154.59,125.08,144.59,156.08,127.45,142.92,158.06,153.64,166.79,52.47,57.67,47.02,55.98,42.14,46.18,51.94,58.7,49.94,45.88,122.35,128.37,148.41,125.24,150.16,135.14,144.21,128.3,143.51,134.01,130.75,151.71,135.82,140.57,53.11,57.08,47.29,52.01,59.94,43.32,52.18,46.02,49.65,50.22,153.76,167.52,131.33,146.85,147.0,137.22,121.96,152.92,140.49,146.0,128.8,151.04,140.83,148.74,55.11,53.32,52.97,47.3,55.86,47.68,52.23,58.89,49.41,46.98,147.67,164.37,144.73,142.23,131.0,136.57,137.75,140.55,147.53,164.37,150.37,133.52,116.18,143.03,52.32,57.02,53.08,44.64,56.36,47.52,48.3,51.17,46.32,49.63,156.08,127.48,139.72,117.85,110.57,144.67,150.85,122.37,152.35,147.69,147.38,135.77,154.04,178.2,52.72,52.67,52.97,54.11,46.36,44.45,53.32,50.39,54.91,52.37,155.95,121.03,152.34,172.59,141.34,180.78,166.01,137.69,176.44,174.2,174.52,150.65,176.8,161.63,61.25,47.07,49.04,46.55,52.59,47.88,52.47,60.14,52.47,43.73,149.93,156.34,167.1,156.86,172.17,129.78,175.58,129.46,178.83,165.37,160.51,175.69,134.5,167.91,41.99
Lecture_Hall_1,26.06,24.26,22.11,25.55,26.53,23.82,22.56,22.23,23.41,217.39,233.76,190.05,194.37,215.29,194.45,209.47,214.08,184.03,17.54,20.94,25.87,23.46,24.47,18.0,24.93,23.6,25.52,27.31,23.39,22.75,25.03,25.13,24.22,209.74,201.47,169.12,165.11,204.36,159.6,176.88,226.99,223.72,23.46,24.69,22.54,23.42,21.64,24.26,22.76,22.07,21.03,30.46,25.78,21.36,23.86,26.57,27.87,190.35,203.22,215.68,192.62,228.78,199.44,218.56,235.44,188.04,21.12,25.69,21.52,19.35,21.39,20.67,23.66,24.0,26.28,24.91,25.38,19.29,27.36,25.15,30.28,228.94,154.22,193.42,228.76,205.5,220.72,212.53,187.04,211.67,21.35,21.85,22.19,23.03,25.2,21.13,22.78,29.0,24.94,20.23,24.72,22.88,26.85,26.71,24.14,156.77,196.66,178.44,247.63,187.13,157.88,259.78,188.14,240.82,22.26,24.89,27.6,27.14,23.2,26.69,12.77,11.69,11.91,11.9,11.29,12.08,13.29,13.12,13.75,12.3,12.0,12.65,13.76,12.36,11.14,13.23,10.66,10.84,11.91,10.72,12.55,10.75,11.21,12.47,10.75,13.16,12.38,10.42,10.29,11.35,13.57,9.68,12.44,14.12,12.72,12.96,12.13,9.24,11.77,12.24,10.13,14.18,12.02,12.02,11.43,11.5,11.58,12.51
Lecture_Hall_2,24.03,24.52,18.92,25.41,21.9,24.01,23.65,23.87,25.23,205.15,201.24,189.19,212.52,178.12,205.11,196.5,194.93,214.04,26.51,25.41,22.28,24.87,27.75,22.56,25.56,21.66,24.89,25.7,22.54,26.64,29.38,22.77,24.3,179.9,188.07,181.58,232.52,190.39,233.73,245.49,198.5,205.18,20.83,21.05,24.73,24.26,24.66,24.28,23.89,23.49,22.69,19.4,26.76,19.98,25.49,22.9,23.26,199.37,195.34,196.67,219.63,187.76,210.75,211.27,180.49,212.19,25.08,25.25,29.27,21.06,22.68,22.41,21.61,22.37,29.1,27.05,18.36,26.55,25.19,26.73,23.51,198.16,177.06,219.26,217.64,219.51,205.98,214.69,163.1,210.17,24.64,25.39,30.55,20.19,24.94,26.55,23.89,22.28,23.76,28.08,19.88,22.3,26.16,24.1,29.47,213.21,200.49,200.66,163.93,149.99,207.3,204.87,176.73,175.82,22.01,24.01,21.75,27.22,26.17,26.77,12.86,13.01,13.6,14.48,12.35,10.74,13.71,11.63,11.7,12.71,12.68,12.41,11.25,12.48,13.21,10.49,12.71,9.6,10.81,13.51,10.78,11.2,9.42,12.38,12.39,12.3,13.69,11.38,8.64,11.65,11.69,12.13,9.53,10.29,10.26,12.62,13.13,12.07,11.56,13.03,11.59,12.56,11.21,13.04,11.64,12.6,12.51,10.79
MAC,53.09,51.21,48.2,50.29,52.63,55.22,49.37,62.12,64.97,56.73,102.27,92.59,102.15,101.25,117.28,104.16,77.28,111.05,103.99,87.51,96.91,48.67,53.68,61.41,56.34,54.6,48.76,50.62,51.39,64.63,63.88,59.97,47.58,60.51,112.42,91.67,107.28,90.28,93.17,102.85,111.68,100.89,97.37,102.47,93.03,52.56,52.27,58.55,61.39,50.41,59.67,44.93,43.85,58.26,50.89,56.94,54.92,55.66,126.41,89.26,105.13,84.2,84.12,82.74,107.91,92.81,114.79,103.19,92.54,61.3,59.22,47.59,49.1,54.61,51.68,66.04,58.11,49.65,49.45,54.04,47.74,54.05,106.45,99.18,107.5,101.38,97.13,98.39,115.11,87.29,108.78,88.65,107.36,60.09,57.45,59.78,53.82,56.99,55.41,49.34,51.81,54.97,53.63,58.31,50.05,47.92,92.06,106.82,96.85,107.5,104.54,87.07,106.09,91.25,100.34,101.04,87.82,47.08,48.3,54.24,54.02,52.16,46.79,49.35,44.95,56.62,53.14,44.79,46.31,63.43,119.82,102.85,119.9,135.1,139.02,133.69,121.67,127.12,113.98,104.2,150.52,61.22,52.61,61.99,57.7,42.05,57.46,61.7,49.88,54.07,50.42,64.29,51.18,50.64,116.31,126.77,128.02,113.86,117.14,96.81,135.72,110.5,110.81,122.01,129.93,52.49,54.34,51.11
SAC,70.54,59.5,74.65,72.79,69.36,65.25,74.93,65.69,66.09,62.3,108.16,117.82,113.14,117.05,127.42,133.48,118.36,148.36,151.91,119.45,135.92,70.74,77.21,77.55,64.92,74.19,64.37,68.4,61.33,60.95,68.88,59.18,62.69,68.25,110.29,126.29,100.42,109.59,126.04,119.39,115.1,96.04,123.02,121.61,124.87,60.68,68.7,72.86,62.03,67.44,61.93,69.09,73.41,60.52,62.78,57.64,68.09,59.86,116.84,128.45,114.04,144.0,127.19,130.82,82.16,122.67,96.02,122.15,113.13,75.0,58.25,62.81,63.82,60.12,66.65,72.84,60.85,65.24,58.64,61.96,60.74,65.93,121.78,117.44,121.23,133.16,127.56,105.57,112.06,149.79,139.57,109.49,140.87,64.09,77.94,75.46,70.11,66.59,68.01,61.88,66.76,65.83,67.88,62.72,68.56,64.2,132.1,101.75,132.5,136.23,133.47,107.12,124.65,126.55,125.0,133.9,109.98,68.15,71.77,66.54,59.57,70.09,62.93,67.49,73.0,65.72,70.96,68.67,50.93,64.78,160.56,151.8,136.87,149.24,158.97,158.98,162.4,146.63,145.44,151.09,125.66,74.65,60.83,59.18,61.23,53.81,54.19,65.91,76.61,78.18,57.22,66.42,65.19,68.33,129.4,138.44,130.09,150.42,159.11,135.02,145.14,126.34,125.9,130.79,135.28,56.9,62.53,78.15
Gym,34.38,40.43,32.0,40.91,35.99,31.48,101.22,88.97,107.74,93.2,33.25,42.71,32.6,38.77,35.75,36.47,40.52,81.25,97.65,93.53,91.14,84.3,31.68,33.02,35.63,27.92,34.05,41.83,32.27,39.32,90.44,83.6,100.32,91.83,34.31,36.26,34.67,35.29,40.97,42.12,36.28,74.35,107.24,95.29,103.28,84.89,40.85,31.09,37.56,32.22,41.09,37.2,34.65,39.4,83.72,80.25,95.35,96.91,32.78,32.9,34.13,42.83,36.88,35.45,31.96,83.6,91.6,90.01,93.61,95.27,39.97,37.31,34.7,32.02,33.43,37.52,39.99,36.08,89.32,89.48,85.96,101.09,35.62,33.56,34.72,34.6,37.34,33.89,33.6,81.33,94.11,103.28,84.77,98.41,35.87,38.46,38.81,39.27,39.52,29.85,32.99,32.26,80.25,93.4,78.53,85.96,32.51,36.1,32.35,41.22,34.25,32.13,35.33,98.46,75.93,76.66,83.42,91.26,35.57,34.29,36.08,32.39,36.05,34.77,36.68,33.11,94.99,107.76,106.52,112.85,36.86,32.73,36.42,29.04,37.34,32.67,35.82,121.68,99.18,97.71,118.68,104.13,35.38,36.11,33.98,36.82,31.68,29.62,36.99,37.45,118.31,98.64,105.57,103.57,32.71,29.73,31.95,33.09,31.71,30.96,36.25,110.79,118.81,92.63,99.45,93.89,36.99,30.51
Sports_Facility,34.73,27.73,33.85,27.5,32.36,25.51,90.04,76.16,77.77,73.52,27.87,28.73,33.06,34.47,31.6,40.03,29.93,68.01,66.4,74.36,89.4,84.4,26.13,31.43,32.1,32.71,34.03,22.36,34.2,26.09,77.82,69.09,79.53,80.15,33.67,34.41,29.88,30.35,22.45,25.17,30.55,83.3,81.49,83.73,65.63,75.76,26.37,29.57,29.93,29.71,25.62,31.13,24.61,28.88,77.23,60.12,67.17,56.09,32.13,27.19,28.24,34.65,31.11,25.81,33.74,65.52,66.39,90.56,75.35,85.78,31.04,29.72,30.37,30.59,28.05,28.3,32.07,31.58,79.94,84.8,80.13,77.84,34.94,31.45,25.52,32.04,27.71,31.56,23.61,75.25,73.56,69.84,67.9,70.63,29.32,32.77,25.73,28.63,33.8,27.38,29.95,26.89,63.38,63.01,79.38,77.66,30.15,33.09,30.42,35.48,32.63,31.46,31.6,79.67,81.53,76.56,83.91,84.4,30.1,27.72,29.1,27.11,27.09,30.13,27.76,23.94,98.48,81.28,84.31,96.83,31.55,29.41,29.65,30.04,25.61,29.26,32.56,95.95,87.71,75.05,89.46,105.76,28.14,31.15,33.08,27.21,28.88,32.0,32.66,30.93,83.96,82.98,78.95,87.54,33.06,30.83,29.57,33.04,25.74,29.57,32.42,90.61,56.34,91.44,78.01,90.53,35.7,32.23
Residencies,165.02,167.67,204.74,193.01,191.69,177.43,189.3,98.45,84.13,90.69,94.13,92.97,78.64,103.58,95.38,94.13,86.51,94.74,207.16,214.49,260.41,244.07,237.1,233.53,191.75,194.4,185.63,179.0,173.58,187.46,187.46,88.61,107.72,100.13,98.09,104.54,96.64,79.96,86.0,93.57,94.14,101.77,209.19,223.83,207.59,176.07,227.41,214.44,166.93,185.2,178.55,151.2,200.77,191.94,167.35,94.28,121.57,118.21,98.39,92.18,82.94,87.41,97.65,94.38,104.81,87.6,246.32,223.39,219.78,240.19,200.84,241.44,212.97,160.53,192.39,178.86,186.19,170.86,172.98,91.62,92.6,93.47,88.97,103.87,100.99,85.38,103.75,94.36,107.66,91.13,256.08,228.96,253.29,214.72,228.15,254.36,193.51,172.62,216.42,181.86,180.67,153.25,176.4,76.12,109.91,108.47,97.81,95.47,105.0,102.52,85.63,108.61,107.24,99.67,260.29,246.48,230.37,263.24,200.15,240.65,174.02,186.11,203.99,152.84,181.96,180.75,186.15,157.47,134.24,150.4,156.17,116.2,153.39,142.89,138.55,127.22,145.51,176.87,250.6,206.57,235.54,200.73,268.35,285.02,181.3,198.76,181.74,171.07,171.48,173.11,172.71,154.59,152.28,137.19,129.83,133.64,147.35,160.11,147.42,139.12,165.69,135.73,213.19,257.85,239.39,205.5,217.55,229.09
Extras,42.52,38.03,37.11,38.18,45.18,31.53,33.69,38.77,38.26,39.25,34.65,40.7,48.54,47.53,42.02,43.47,39.94,34.77,39.94,37.77,36.39,41.66,37.24,42.54,42.08,40.57,41.57,42.7,41.19,36.87,39.9,41.01,40.3,36.21,35.66,34.68,42.83,37.23,44.5,48.26,47.21,33.7,35.56,39.4,42.21,46.58,36.88,40.11,36.52,41.95,40.93,36.58,45.2,38.68,47.81,43.77,40.84,44.29,43.15,37.56,48.29,39.99,33.83,43.63,34.34,43.01,32.01,36.36,33.25,41.62,37.65,33.97,38.51,41.11,35.33,34.18,40.82,38.08,50.49,44.6,41.44,41.44,40.63,47.67,37.88,39.74,44.05,38.63,41.95,41.14,39.84,40.85,42.75,40.92,33.4,36.46,36.02,42.47,41.22,36.09,31.95,44.09,41.04,35.81,49.56,37.58,38.76,32.93,43.59,43.02,43.58,42.21,35.72,36.18,36.98,42.2,36.0,45.69,39.56,43.06,44.85,43.14,42.71,37.0,52.31,47.38,38.0,41.92,36.27,44.61,42.5,38.28,43.37,41.12,32.95,39.05,35.49,43.16,33.49,38.82,44.59,47.02,43.1,35.69,40.36,35.56,36.78,38.63,41.17,32.63,42.32,30.9,44.48,43.21,43.91,48.09,34.12,41.17,35.11,42.3,34.89,36.12,38.99,36.61,37.87,38.82,36.19,33.35
